res_m,k,term,k',edf,k-index,p-value
50gdd,NA,"ti(x,y)",799,663.58272135145,0.9857683126839357,0.11
50gdd,NA,ti(year_scaled),19,18.996949157153132,0.6541074855655558,0
50gdd,NA,"ti(year_scaled,x,y)",3780,2329.6715889648817,0.16032626120969834,0
1250gdd,NA,"ti(x,y)",799,776.3470616072789,0.953513000789764,0
1250gdd,NA,ti(year_scaled),19,18.998641404553425,0.4478709013212454,0
1250gdd,NA,"ti(year_scaled,x,y)",3781,1362.5692013597475,0.1205792887165391,0
2500gdd,NA,"ti(x,y)",799,777.4466685795658,0.9675331212034461,0.0025
2500gdd,NA,ti(year_scaled),19,18.99819373861001,0.3965876578932748,0
2500gdd,NA,"ti(year_scaled,x,y)",3781,1371.4478792401658,0.1455158137780326,0
