res_m,k,term,k',edf,k-index,p-value
50gdd,NA,"ti(x,y)",999,657.0716879296563,0.9937155750276554,0.2875
50gdd,NA,ti(year_scaled),19,18.995237933779315,0.6286864805491017,0
50gdd,NA,"ti(year_scaled,x,y)",3781,1903.3926849320374,0.148917177419044,0
1250gdd,NA,"ti(x,y)",999,930.6783850363255,0.9991913277033411,0.495
1250gdd,NA,ti(year_scaled),19,18.997923690993574,0.425834879422177,0
1250gdd,NA,"ti(year_scaled,x,y)",3781,990.3862460426981,0.08976846769386423,0
2500gdd,NA,"ti(x,y)",999,933.8214721634583,0.9957256972244491,0.4125
2500gdd,NA,ti(year_scaled),19,18.99728769650581,0.3707206151282291,0
2500gdd,NA,"ti(year_scaled,x,y)",3781,937.6490863285496,0.09840770411371286,0
