res_m,k,term,k',edf,k-index,p-value
50gdd,NA,"ti(x,y)",599,284.09269865959146,1.0240416115917634,0.9775
50gdd,NA,ti(year_scaled),19,18.979245215283807,0.5917926442735475,0
50gdd,NA,"ti(year_scaled,x,y)",3781,875.2045101444743,0.1302873070573067,0
1250gdd,NA,"ti(x,y)",599,489.37398028841284,1.0234070568186022,0.9775
1250gdd,NA,ti(year_scaled),19,18.99181249808876,0.4193268299064562,0
1250gdd,NA,"ti(year_scaled,x,y)",3781,391.5017462161689,0.06335873710298359,0
2500gdd,NA,"ti(x,y)",599,483.5499227309404,1.0261978357130246,0.9725
2500gdd,NA,ti(year_scaled),19,18.989537416956907,0.35181873445577494,0
2500gdd,NA,"ti(year_scaled,x,y)",3781,310.6082656344193,0.06265515570412258,0
