res_m,k,term,k',edf,k-index,p-value
50gdd,NA,"ti(x,y)",999,791.2657341244462,1.0082064468654377,0.7375
50gdd,NA,ti(year_scaled),19,18.997424559475064,0.6600860963027486,0
50gdd,NA,"ti(year_scaled,x,y)",3781,1908.5872075420114,0.15863802920282583,0
400gdd,NA,"ti(x,y)",999,915.8888823777685,1.0035826504618965,0.565
400gdd,NA,ti(year_scaled),19,18.995114886484526,0.4805849526832503,0
400gdd,NA,"ti(year_scaled,x,y)",3781,1084.5349897058911,0.09510029704733013,0
800gdd,NA,"ti(x,y)",999,893.9279291767059,1.0009915454756806,0.55
800gdd,NA,ti(year_scaled),19,18.994127378311866,0.36105997652884003,0
800gdd,NA,"ti(year_scaled,x,y)",3781,797.1421819360888,0.08756709643804896,0
