res_m,k,term,k',edf,k-index,p-value
50gdd,NA,"ti(x,y)",999,791.2657341244462,1.0082064468654377,0.7375
50gdd,NA,ti(year_scaled),19,18.997424559475064,0.6600860963027486,0
50gdd,NA,"ti(year_scaled,x,y)",3781,1908.5872075420114,0.15863802920282583,0
400gdd,NA,"ti(x,y)",999,919.4571443626292,1.0220385536478012,0.965
400gdd,NA,ti(year_scaled),19,18.995094739294807,0.482596346256921,0
400gdd,NA,"ti(year_scaled,x,y)",3781,1099.3914321810707,0.09652125109179803,0
800gdd,NA,"ti(x,y)",999,946.6250323550872,0.9948801421420237,0.3325
800gdd,NA,ti(year_scaled),19,18.993703718449883,0.48744122306666926,0
800gdd,NA,"ti(year_scaled,x,y)",3781,1132.3136774300128,0.12111457284292493,0
