res_m,k,term,k',edf,k-index,p-value
50gdd,NA,"ti(x,y)",599,284.3679828293237,1.024174177226325,0.9775
50gdd,NA,ti(year_scaled),19,18.97920618189823,0.5916875460452505,0
50gdd,NA,"ti(year_scaled,x,y)",1881,811.9194741403742,0.13180388060950865,0
1250gdd,NA,"ti(x,y)",599,489.4115652700103,1.0227481623565513,0.9675
1250gdd,NA,ti(year_scaled),19,18.99181342326815,0.41911766751032886,0
1250gdd,NA,"ti(year_scaled,x,y)",1881,384.9390337891305,0.0634026221882061,0
2500gdd,NA,"ti(x,y)",599,483.5806959909423,1.0262534751078023,0.97
2500gdd,NA,ti(year_scaled),19,18.989541374517756,0.35155921726452677,0
2500gdd,NA,"ti(year_scaled,x,y)",1881,307.9303100825458,0.06242392095799268,0
